members in system for analysis in report 2 (number, right node, left node, area, E)
1, 1, 2, 28.2842712475e-4, 70e9
2, 1, 3, 20e-4, 70e9
3, 2, 3, 20e-4, 70e9
4, 2, 4, 20e-4, 70e9
5, 3, 5, 20e-4, 70e9
6, 3, 4, 28.2842712475e-4, 70e9
7, 2, 5, 28.2842712475e-4, 70e9
8, 4, 5, 20e-4, 70e9
9, 5, 6, 20e-4, 70e9
10, 4, 6, 28.2842712475e-4, 70e9
